symbol,token,trough_hour,peak_hour,trough_px,peak_px,multiple,hours_to_peak,age_h_at_trough,vol_24h_before,vol_24h_after
WEN,0xa80eb66b3e0cf66ccb46f8b8c9e7ff5803eeb820,1783555200,1783832400,2.3694366287691225e-05,0.015709541812764603,663.01,77,0,0,1237463
Agrippa,0x83a49b808f8d5e02cb2931cd2352988f498e5ba3,1789869600,1790330400,2.940410054699018e-07,0.00011179979441507287,380.22,128,58,62896,46450
ORBIO,0xaa07a0e9209e16ac99708c3ec70159c6ef3128a3,1788220800,1788325200,4.6141588889538266e-05,0.014431587461996265,312.77,29,0,0,6048123
WOOF,0xe15db7c8547a0add11eb26a700246cca08aefce5,1785193200,1785337200,2.9074030723367347e-09,8.943945894183092e-07,307.63,40,0,0,464715
YOLO,0x62c71cd34a52c30d894419cbcc55db2afa8032ea,1784098800,1784372400,7.021591648172709e-06,0.0018179799499728215,258.91,76,0,0,15650
WALLET,0x0339f5459fc690ac85f1782e15782a151b4a9e1b,1783648800,1783677600,1.2770906163041809e-05,0.0028371359052216474,222.16,8,1,107769,9937457
NASDANQ,0x51fb76be80ab6daaa345d818f4e06441816b4fea,1785801600,1786107600,1.3896799576145171e-05,0.0030543445563637047,219.79,85,0,0,808100
TYGR,0x69984ad3322300039f2855f81c44dbc532efe744,1784818800,1785117600,1.3092769193774223e-05,0.0028389954448318714,216.84,83,70,59693,1418741
HH,0x6835dbf2d7d5852f84bf0a80de00cab3864f44b1,1787889600,1788310800,0.0003804874471413251,0.07437462386123261,195.47,117,9,7798,5591
JUGGERNAUT,0xd7321801caae694090694ff55a9323139f043b88,1783278000,1783681200,0.00017643578084599313,0.02624842254656391,148.77,112,355,76987,111715
RBD,0xb41c7ac9d46a980f8bdf1894b392a2a07ec9992a,1789524000,1790175600,6.433845550621531e-05,0.00880915459269326,136.92,181,0,0,358857
ZZZ,0x7dbf38976f6d3b9c529e7d9484a71898b409ee6a,1788562800,1788771600,0.00025431399086998225,0.03470496839991006,136.47,58,0,0,36222892
JUGGERNAUT,0xd7321801caae694090694ff55a9323139f043b88,1782457200,1783004400,8.894588656093603e-06,0.001178747596976355,132.52,152,127,69,130
POOH,0x7453223543bbcb27cc024ad4728068a7ce7852f7,1784350800,1784955600,7.517266791759149e-06,0.0009497280008835604,126.34,168,52,4027,2848
WELOVECATS,0x134c4fb13dc3c873d699957a8493e463b56f1e18,1788037200,1789182000,2.2464231170428032e-05,0.00237518960941804,105.73,318,0,0,1306
wire,0x8ecea3d0e648db646d824aa51eedeb16ac3d6878,1784332800,1784656800,6.53903154596897e-05,0.005410711856118258,82.74,90,5,597604,1148799
UBIK,0x812486eaea648819853f8e372dc9f1516c7868bd,1788274800,1789218000,0.0005077815603051098,0.03752927152940025,73.91,262,0,0,18637802
INU,0x63ee32ac3077d1fbd8a77ebba2a6ed4b8e9c1e18,1789084800,1789120800,2.163428805454171e-05,0.0015162374947293668,70.08,10,0,0,4649463
WOJAK,0xace55fe98bab14366dd49ab5aa5df76aa11a3c6f,1783508400,1783800000,1.0448322942573103e-05,0.0006807301318940705,65.15,81,457,40218,58286
HOOKR,0x18e674231a58c239dc7daedcffe15ec3a24cff5c,1785996000,1786161600,2.622085534625035e-05,0.0016047975673266696,61.2,46,2,274860,2138026
KITSU,0x8d4dfaaa4198b6486e0293fec914c2b6a821d4dc,1781449200,1781676000,5.454692119296944e-06,0.0003333788955108167,61.12,63,0,0,35526
HOOKR,0x18e674231a58c239dc7daedcffe15ec3a24cff5c,1786935600,1788166800,0.00037959640725114725,0.02106287099089826,55.49,342,263,112414,207326
HMM,0x7fe995a80075df3dc8ae11a9b82c7fe4202cd87f,1785906000,1786572000,0.0009523512544694922,0.04507045150723624,47.33,185,406,354658,324702
ASKR,0xa92768863a55d8a0591709f7f5e594a249d36ea3,1789754400,1789830000,0.00014911774507062866,0.006615454378950609,44.36,21,0,0,5321114
CEREBRO,0xeb24a2663af4ee979dcbfe39cb95b5f12d369c4b,1789113600,1789207200,0.00014112507632668743,0.006196634624245146,43.91,26,41,107346,582856
CPU,0x8eaa17be69ae9616cede4671e6d837bb89491e18,1789484400,1789675200,2.433234142766157e-05,0.0010271806537925064,42.21,53,112,775,0
TAMPONS,0xc9e7c34fa156a235e8b8601171a543bc9c84a1b9,1784070000,1784113200,4.111173467105621e-06,0.00016925740373213783,41.17,12,2,4552,533585
PEEPS,0xf202de51bb42a0073948b0971707d14c54ef5f44,1784293200,1785304800,5.819635532554875e-05,0.002297579281058824,39.48,281,0,0,174156
worth,0xfb1bcb6817f7b8fa86896d3253b16aeb7bd6a5a8,1783720800,1783749600,3.594837922999349e-05,0.001396024462860239,38.83,8,5,381646,4160766
HMM,0x7fe995a80075df3dc8ae11a9b82c7fe4202cd87f,1784444400,1784473200,8.770577335534444e-06,0.00030620176733452066,34.91,8,0,0,1179076
SW,0x7325305929cb804d2fc394120622ae73afc804eb,1790290800,1790481600,3.5666974607087376e-05,0.0011099795566133412,31.12,53,3,206851,135652
GIWA,0xdab0e8ce3b999d16898709a6dfc44c953bfc43b1,1786064400,1786158000,8.836103408798016e-06,0.0002537007952988493,28.71,26,257,503,161195
HOODCATS,0xd17c81cb01d44cc6e822936e8f098960001b47d2,1789786800,1789869600,9.78345343936759e-06,0.0002758793591715203,28.2,23,0,0,1661753
POOLS,0x385b36ff682ab4c76e7c37a66b96aabc466471d5,1785884400,1785963600,0.00015192923666312744,0.004253451461486677,28.0,22,127,997999,16352483
HMM,0x7fe995a80075df3dc8ae11a9b82c7fe4202cd87f,1784484000,1784631600,0.00012640870361786804,0.0031924883945773554,25.26,41,11,736342,2178657
HYDX,0xaa5751ff3fb61e613993b2eb4eab1fce017081fc,1790287200,1790413200,0.00010036172319888673,0.002442330751618163,24.34,35,5,813244,745388
ROO,0x3458e003f6ed93df0f537b8acac6fbe08e41247f,1790157600,1790254800,2.320571717584422e-05,0.0005583753279855571,24.06,27,6,54314,829805
TAMPONS,0xc9e7c34fa156a235e8b8601171a543bc9c84a1b9,1784563200,1784656800,2.0524291394236277e-05,0.0004277495195939871,20.84,26,139,45434,300835
WOJAK,0xace55fe98bab14366dd49ab5aa5df76aa11a3c6f,1785301200,1786489200,0.00040892205199697995,0.00822169293782122,20.11,330,955,85269,87021
HOODRAT,0x8e62f281f282686fca6dcb39288069a93fc23f1c,1784844000,1785420000,0.0005954362064083717,0.011190821255256564,18.79,160,508,445333,478556
WOOF,0xe15db7c8547a0add11eb26a700246cca08aefce5,1785636000,1786129200,4.853129863079876e-07,8.693330381814394e-06,17.91,137,123,1047070,2002836
TYGR,0x69984ad3322300039f2855f81c44dbc532efe744,1785610800,1785772800,0.00021587421090432914,0.0037931624396202036,17.57,45,290,328422,205186
KITSU,0x8d4dfaaa4198b6486e0293fec914c2b6a821d4dc,1782388800,1782932400,5.330041670382967e-05,0.0009342844178672925,17.53,151,261,2274,1094
KITSU,0x8d4dfaaa4198b6486e0293fec914c2b6a821d4dc,1783029600,1783486800,0.0001299108181091317,0.002269893794549315,17.47,127,439,245796,58629
TA,0x9ca1cc0c90d97b4f36c5e2232d4fbd705a73c65d,1785963600,1786136400,0.0011581422899070311,0.018445750990362702,15.93,48,0,0,1130404
ORBIO,0xaa07a0e9209e16ac99708c3ec70159c6ef3128a3,1788595200,1788944400,0.00261250996422922,0.040373121668254054,15.45,97,104,1025829,1953113
worth,0xfb1bcb6817f7b8fa86896d3253b16aeb7bd6a5a8,1786996800,1788026400,0.0002543871518489203,0.0038291771032413985,15.05,286,915,3712,12154
PEPE,0xcdcabf520be369123c36796f9e53680c657f08f0,1786928400,1787058000,8.738638629886575e-05,0.0013024025838076858,14.9,36,10,115856,197054
BAG,0x616bcd920e1e1f354750bbaf2fb3b3fa3b4aae16,1786251600,1786284000,7.561936049103144e-06,0.0001066889505292986,14.11,9,0,0,695503
POOLS,0x385b36ff682ab4c76e7c37a66b96aabc466471d5,1787248800,1788224400,0.00026625870407611036,0.0036774846822421204,13.81,271,506,51864,79334
HOODRAT,0x8e62f281f282686fca6dcb39288069a93fc23f1c,1783411200,1783515600,0.0004079748291033723,0.0056096875426668216,13.75,29,110,618033,2726433
SCHIFFY,0x42afa2124ca5a2b83898e46b2da9a190995b1e18,1788868800,1789905600,0.0009062860345094879,0.011938571494178983,13.17,288,234,277158,310608
TUX,0x4e9d3bfbcb90da72808afd5b8566c228ec861e18,1787796000,1788368400,2.0294330454409946e-05,0.00026308991574833257,12.96,159,0,0,245
WALLET,0x0339f5459fc690ac85f1782e15782a151b4a9e1b,1788267600,1789660800,0.006855499196373796,0.08633881197876402,12.59,387,1284,501827,472046
wire,0x8ecea3d0e648db646d824aa51eedeb16ac3d6878,1785956400,1786575600,0.00026449065041939704,0.0033032771081968762,12.49,172,456,247645,145439
FLOPS,0x9dad613c96bd6e9d0f4fd840d53557dc5ede1e18,1788213600,1788386400,3.5824635452421166e-05,0.00044121146591108315,12.32,48,91,5681,44942
TA,0x9ca1cc0c90d97b4f36c5e2232d4fbd705a73c65d,1787047200,1787947200,0.0005740100332459771,0.007023705349491001,12.24,250,301,139907,214249
GIWA,0xdab0e8ce3b999d16898709a6dfc44c953bfc43b1,1786298400,1786381200,4.2601192431896e-05,0.000519013578004581,12.18,23,322,42138,542779
YOLO,0x62c71cd34a52c30d894419cbcc55db2afa8032ea,1784401200,1784631600,0.0008514416910789637,0.010234823533645132,12.02,64,84,1649877,2428537
Agrippa,0x83a49b808f8d5e02cb2931cd2352988f498e5ba3,1789686000,1789758000,1.1563580132784063e-07,1.3886128347210488e-06,12.01,20,7,86652,477365
wire,0x8ecea3d0e648db646d824aa51eedeb16ac3d6878,1784314800,1784325600,1.8973535757693614e-05,0.00021652053150603595,11.41,3,0,0,1600831
worth,0xfb1bcb6817f7b8fa86896d3253b16aeb7bd6a5a8,1785222000,1785384000,7.190592719984846e-05,0.0008190251262642622,11.39,45,422,36776,40748
INJOH,0x2cc0fac44b8252f6b10208b091aff2c94b4da77d,1785456000,1785506400,1.674434273922558e-05,0.00018935310265095367,11.31,14,0,0,300624
WALLET,0x0339f5459fc690ac85f1782e15782a151b4a9e1b,1783702800,1783814400,0.0010290858269363312,0.010815068284218226,10.51,31,16,7110267,9194032
HOODRAT,0x8e62f281f282686fca6dcb39288069a93fc23f1c,1783216800,1783360800,0.00011081798299494318,0.0011551608587500295,10.42,40,56,419187,382638
BAG,0x616bcd920e1e1f354750bbaf2fb3b3fa3b4aae16,1786305600,1786348800,3.303973767836662e-05,0.0003352777460708026,10.15,12,15,459794,622715
HOODRAT,0x8e62f281f282686fca6dcb39288069a93fc23f1c,1783015200,1783044000,0.0001849803213290475,0.0018526577167454759,10.02,8,0,0,1644686
NASDANQ,0x51fb76be80ab6daaa345d818f4e06441816b4fea,1787382000,1787734800,0.0002136534536269079,0.002117219877818357,9.91,98,439,86479,157970
ORBIO,0xaa07a0e9209e16ac99708c3ec70159c6ef3128a3,1789480800,1790542800,0.01073152767009896,0.0986278806596547,9.19,295,350,1230675,4502480
INJOH,0x2cc0fac44b8252f6b10208b091aff2c94b4da77d,1786309200,1786518000,8.375593327842248e-05,0.0007660951283095278,9.15,58,237,46136,23538
INJOH,0x2cc0fac44b8252f6b10208b091aff2c94b4da77d,1786557600,1786730400,0.00016054322437460947,0.0014163947220020578,8.82,48,306,813731,259994
BUN,0x07ebb29a38fbcb41563817e5e19f2cec619c90d2,1788375600,1788433200,0.0030794103389764787,0.02657042622687114,8.63,16,4,8467953,4852367
HOODRAT,0x8e62f281f282686fca6dcb39288069a93fc23f1c,1783558800,1783681200,0.002552669768171761,0.02138662328358405,8.38,34,151,5441615,4622008
POOLS,0x385b36ff682ab4c76e7c37a66b96aabc466471d5,1785535200,1785862800,3.799445536680471e-05,0.00031759923765394297,8.36,91,30,377629,27230
FRIDAY,0xd3165c9d0993330c1132c59fc6513b08639211c5,1789776000,1790618400,8.149908865505921e-06,6.58358026033633e-05,8.08,234,1489,166,0
INU,0x63ee32ac3077d1fbd8a77ebba2a6ed4b8e9c1e18,1789128000,1789228800,0.0006946755225912062,0.005595242838169957,8.05,28,12,1417323,4435376
MANCER,0xc72f232a6869e6cf34dc06129affd07f8a2a246a,1787367600,1788249600,0.000860705346714965,0.006758378403609885,7.85,245,363,180811,82695
WOJAK,0xace55fe98bab14366dd49ab5aa5df76aa11a3c6f,1784649600,1785146400,0.00012322896018460795,0.0009610595398139078,7.8,138,774,39662,25647
WEN,0xa80eb66b3e0cf66ccb46f8b8c9e7ff5803eeb820,1784847600,1785506400,0.001371645245225813,0.01066989460983756,7.78,183,359,249600,181642
PORK,0x675e25a39568713144905a946f8d9f74d3a7aa79,1786752000,1786762800,1.704135148914623e-05,0.00013139916423139555,7.71,3,0,0,739904
JUGGERNAUT,0xd7321801caae694090694ff55a9323139f043b88,1789020000,1789120800,0.0025604467507710908,0.01917310495917658,7.49,28,1950,512051,41703716
INJOH,0x2cc0fac44b8252f6b10208b091aff2c94b4da77d,1787443200,1787716800,0.0003233596813592334,0.0023557811128536643,7.29,76,552,62543,95922
CEREBRO,0xeb24a2663af4ee979dcbfe39cb95b5f12d369c4b,1788969600,1788976800,0.00010430868190768476,0.0007478890533439696,7.17,2,1,58505,761932
KITSU,0x8d4dfaaa4198b6486e0293fec914c2b6a821d4dc,1783569600,1783627200,0.0008018381916529398,0.005706329286368495,7.12,16,589,2043787,2525993
FRIDAY,0xd3165c9d0993330c1132c59fc6513b08639211c5,1784613600,1784671200,2.0430179394657355e-05,0.00013699250386711904,6.71,16,55,118638,308126
GIWA,0xdab0e8ce3b999d16898709a6dfc44c953bfc43b1,1789279200,1790481600,0.0003261173227213891,0.0021750801103965437,6.67,334,1150,12398,20206
JUGGERNAUT,0xd7321801caae694090694ff55a9323139f043b88,1787414400,1788033600,0.00212948589563522,0.014159657212015113,6.65,172,1504,322243,253411
WOJAK,0xace55fe98bab14366dd49ab5aa5df76aa11a3c6f,1781884800,1783486800,3.6934747998678742e-06,2.3756001505437797e-05,6.43,445,6,464,27
Froggy,0xd554e75f85cb1fcb5b6640b55779d566ac60de9f,1785956400,1785967200,2.754933486489013e-05,0.00017531103670096037,6.36,3,0,0,1053144
POOH,0x7453223543bbcb27cc024ad4728068a7ce7852f7,1785765600,1785906000,4.8391703131117564e-05,0.00029454743067835657,6.09,39,445,10654,24790
CPU,0x8eaa17be69ae9616cede4671e6d837bb89491e18,1790244000,1790499600,0.00047933814985667985,0.0028795258378100583,6.01,71,323,387911,337907
WALLET,0x0339f5459fc690ac85f1782e15782a151b4a9e1b,1789668000,1790636400,0.008249779599113194,0.04912963283467529,5.96,269,1673,9550199,18065321
INJOH,0x2cc0fac44b8252f6b10208b091aff2c94b4da77d,1787983200,1788188400,0.0011119526479576511,0.006482861970348796,5.83,57,702,350638,1523427
TAMPONS,0xc9e7c34fa156a235e8b8601171a543bc9c84a1b9,1784988000,1785157200,0.00016890584304958173,0.000979079757781505,5.8,47,257,441120,593927
SCHIFFY,0x42afa2124ca5a2b83898e46b2da9a190995b1e18,1788048000,1788238800,0.00019379317964735593,0.0011217756388402081,5.79,53,6,1718095,365913
GIWA,0xdab0e8ce3b999d16898709a6dfc44c953bfc43b1,1785369600,1785556800,9.665525740871927e-06,5.5444277190998954e-05,5.74,52,64,6425,9835
AXON,0xb5e40b5f16996e9d76ec2b16e7a4ead3c06a9fa2,1789963200,1790020800,2.6976581127269377e-05,0.0001540100759155858,5.71,16,10,161001,189586
CPU,0x8eaa17be69ae9616cede4671e6d837bb89491e18,1789682400,1789822800,0.0004576320675660372,0.0026121074202424574,5.71,39,167,2598592,2406942
worth,0xfb1bcb6817f7b8fa86896d3253b16aeb7bd6a5a8,1783706400,1783713600,1.6528536458490187e-05,9.28313002453461e-05,5.62,2,1,90403,3059257
HOOKR,0x18e674231a58c239dc7daedcffe15ec3a24cff5c,1785988800,1785992400,1.092087116505585e-05,6.092126969856895e-05,5.58,1,0,0,2293626
ZZZ,0x7dbf38976f6d3b9c529e7d9484a71898b409ee6a,1788854400,1789182000,0.016099359120888928,0.08985250993798365,5.58,91,81,4783932,14771359
PEPE,0xcdcabf520be369123c36796f9e53680c657f08f0,1787400000,1787850000,7.013179063359208e-05,0.0003896939356466853,5.56,125,141,102119,61556
HOODCATS,0xd17c81cb01d44cc6e822936e8f098960001b47d2,1790118000,1790294400,0.00012122497385631006,0.0006660876448346725,5.49,49,92,372899,122267
BUN,0x07ebb29a38fbcb41563817e5e19f2cec619c90d2,1788577200,1789063200,0.009921525353396089,0.05392963301848623,5.44,135,60,1462046,2156408
wire,0x8ecea3d0e648db646d824aa51eedeb16ac3d6878,1787385600,1787832000,0.00046891487795273446,0.0025285958976363405,5.39,124,853,158273,121171
HOODRAT,0x8e62f281f282686fca6dcb39288069a93fc23f1c,1786334400,1786622400,0.0011079276735823,0.005862730147958798,5.29,80,922,305341,497883
BAG,0x616bcd920e1e1f354750bbaf2fb3b3fa3b4aae16,1786460400,1786831200,9.867790317473986e-05,0.0005209866840637094,5.28,103,58,326164,372646
TAMPONS,0xc9e7c34fa156a235e8b8601171a543bc9c84a1b9,1787482800,1787842800,4.0693219922341146e-05,0.00021330644221906653,5.24,100,950,7103,52010
SCHIFFY,0x42afa2124ca5a2b83898e46b2da9a190995b1e18,1788282000,1788440400,0.0005108972090152378,0.0026623127511956096,5.21,44,71,636331,914473
WOJAK,0xace55fe98bab14366dd49ab5aa5df76aa11a3c6f,1788314400,1790038800,0.0010721819488323913,0.005459976122791347,5.09,479,1792,70401,79820
worth,0xfb1bcb6817f7b8fa86896d3253b16aeb7bd6a5a8,1783785600,1783832400,0.0005162097511682137,0.002603984194480738,5.04,13,23,2680577,3360504
JUGGERNAUT,0xd7321801caae694090694ff55a9323139f043b88,1782000000,1782021600,4.192958585081015e-06,2.0777514944307628e-05,4.96,6,0,0,54332
CEREBRO,0xeb24a2663af4ee979dcbfe39cb95b5f12d369c4b,1789059600,1789070400,7.536087511847551e-05,0.000373621774123135,4.96,3,26,758847,104851
NASDANQ,0x51fb76be80ab6daaa345d818f4e06441816b4fea,1787979600,1788177600,0.0009729692980062043,0.0047196833413954125,4.85,55,605,456715,485536
FRIDAY,0xd3165c9d0993330c1132c59fc6513b08639211c5,1784826000,1784851200,7.827389531254139e-05,0.00037757677292278455,4.82,7,114,134849,522630
INU,0x63ee32ac3077d1fbd8a77ebba2a6ed4b8e9c1e18,1789542000,1789794000,0.0038572019340783153,0.017947360405858023,4.65,70,127,2555647,6469301
TAMPONS,0xc9e7c34fa156a235e8b8601171a543bc9c84a1b9,1784782800,1784840400,4.934834275612919e-05,0.0002259123133772425,4.58,16,200,233426,559750
TAMPONS,0xc9e7c34fa156a235e8b8601171a543bc9c84a1b9,1786017600,1786554000,4.1158730419387545e-05,0.00018808747041684226,4.57,149,543,14584,27716
HMM,0x7fe995a80075df3dc8ae11a9b82c7fe4202cd87f,1785337200,1785628800,0.0002822473341132029,0.001274832299070127,4.52,81,248,204913,274964
HMM,0x7fe995a80075df3dc8ae11a9b82c7fe4202cd87f,1784829600,1785067200,0.0004196787260212263,0.0018877268802428417,4.5,66,107,1031972,714787
wire,0x8ecea3d0e648db646d824aa51eedeb16ac3d6878,1784790000,1785042000,0.0006000545796212618,0.002697281995980412,4.5,70,132,1984259,1006998
INJOH,0x2cc0fac44b8252f6b10208b091aff2c94b4da77d,1786017600,1786197600,6.925937837264582e-05,0.00031071049489679196,4.49,50,156,45341,46144
GIWA,0xdab0e8ce3b999d16898709a6dfc44c953bfc43b1,1785139200,1785171600,2.8439683014003953e-05,0.00012543057281404134,4.41,9,0,0,478676
PORK,0x675e25a39568713144905a946f8d9f74d3a7aa79,1786773600,1786834800,6.214583683647609e-05,0.0002712873635368808,4.37,17,6,273824,604399
WOJAK,0xace55fe98bab14366dd49ab5aa5df76aa11a3c6f,1784134800,1784239200,7.152472762084394e-05,0.00030803595451867223,4.31,29,631,94841,49629
TYGR,0x69984ad3322300039f2855f81c44dbc532efe744,1784595600,1784646000,7.66425341041243e-06,3.2500915074286436e-05,4.24,14,8,167822,72237
FRIDAY,0xd3165c9d0993330c1132c59fc6513b08639211c5,1784422800,1784433600,4.288031521094554e-05,0.00018104828424797472,4.22,3,2,565598,309261
worth,0xfb1bcb6817f7b8fa86896d3253b16aeb7bd6a5a8,1783900800,1783965600,0.0008103192293461798,0.0034158219896099165,4.22,18,55,1675065,2503933
INJOH,0x2cc0fac44b8252f6b10208b091aff2c94b4da77d,1785866400,1785880800,6.275113988852566e-05,0.00026178944353393225,4.17,4,114,32803,355351
WALLET,0x0339f5459fc690ac85f1782e15782a151b4a9e1b,1784134800,1784455200,0.0033678105134276317,0.013992158675407823,4.15,89,136,2181287,3430300
TAMPONS,0xc9e7c34fa156a235e8b8601171a543bc9c84a1b9,1784401200,1784426400,1.2712327234965582e-05,5.2154138040542304e-05,4.1,7,94,19461,90505
YOLO,0x62c71cd34a52c30d894419cbcc55db2afa8032ea,1785960000,1786582800,0.0030036126759682103,0.01224658242521936,4.08,173,517,844318,1091657
HOODCATS,0xd17c81cb01d44cc6e822936e8f098960001b47d2,1789999200,1790010000,0.00011557627153655311,0.00047132997548112815,4.08,3,59,479773,1019282
JUGGERNAUT,0xd7321801caae694090694ff55a9323139f043b88,1785189600,1786021200,0.0015283407581352874,0.006087819722696635,3.98,231,886,359357,359549
BUN,0x07ebb29a38fbcb41563817e5e19f2cec619c90d2,1789455600,1790416800,0.02125203687407709,0.08388749052081615,3.95,267,304,843682,787431
INJOH,0x2cc0fac44b8252f6b10208b091aff2c94b4da77d,1785553200,1785585600,5.86156725776152e-05,0.00023049163342946119,3.93,9,27,184539,186365
INU,0x63ee32ac3077d1fbd8a77ebba2a6ed4b8e9c1e18,1789390800,1789470000,0.002370240170767064,0.009282904303611322,3.92,22,85,1123431,7043822
POOH,0x7453223543bbcb27cc024ad4728068a7ce7852f7,1784163600,1784206800,4.74207980750117e-06,1.850937306735521e-05,3.9,12,0,0,65453
WOOF,0xe15db7c8547a0add11eb26a700246cca08aefce5,1785474000,1785614400,2.746399747920108e-07,1.045374881467327e-06,3.81,39,78,267940,102765
WOOF,0xe15db7c8547a0add11eb26a700246cca08aefce5,1788303600,1788919200,6.036595344363079e-07,2.264042774122887e-06,3.75,171,864,334144,226442
GIWA,0xdab0e8ce3b999d16898709a6dfc44c953bfc43b1,1788127200,1788386400,0.00019115663736508123,0.000713012017378079,3.73,72,830,36679,21106
YOLO,0x62c71cd34a52c30d894419cbcc55db2afa8032ea,1787032800,1787731200,0.0036066389178449083,0.013224717806466633,3.67,194,815,292060,325274
TYGR,0x69984ad3322300039f2855f81c44dbc532efe744,1786258800,1786550400,0.000574303453101186,0.0020629041491041318,3.59,81,470,264332,266671
PEPE,0xcdcabf520be369123c36796f9e53680c657f08f0,1787320800,1787338800,5.36190446216225e-05,0.00019159988429086217,3.57,5,119,69737,112138
HH,0x6835dbf2d7d5852f84bf0a80de00cab3864f44b1,1788544800,1790002800,0.02749545374981282,0.0974109400144831,3.54,405,191,83014,143561
TAMPONS,0xc9e7c34fa156a235e8b8601171a543bc9c84a1b9,1784253600,1784336400,8.596396887490185e-06,3.030601603461804e-05,3.53,23,53,23568,18925
FLOPS,0x9dad613c96bd6e9d0f4fd840d53557dc5ede1e18,1787925600,1787954400,3.588292708325542e-05,0.00012419280169876843,3.46,8,11,869898,132100
WALLET,0x0339f5459fc690ac85f1782e15782a151b4a9e1b,1787072400,1787954400,0.0040898616394295035,0.013966443905754194,3.41,245,952,145673,180988
HOOKR,0x18e674231a58c239dc7daedcffe15ec3a24cff5c,1788375600,1788555600,0.00918514511950026,0.03041892573489959,3.31,50,663,4014142,6682086
worth,0xfb1bcb6817f7b8fa86896d3253b16aeb7bd6a5a8,1784700000,1784750400,0.0002399687107349086,0.0007857571893891647,3.27,14,277,322908,508153
HMM,0x7fe995a80075df3dc8ae11a9b82c7fe4202cd87f,1785700800,1785772800,0.0005960299422154137,0.0019459043870211888,3.26,20,349,232558,474921
MANCER,0xc72f232a6869e6cf34dc06129affd07f8a2a246a,1786060800,1786194000,0.0017014372476005422,0.005520780963501431,3.24,37,0,0,14819289
YOLO,0x62c71cd34a52c30d894419cbcc55db2afa8032ea,1787950800,1788091200,0.006150247681399237,0.01981614395873316,3.22,39,1070,954305,1080265
WEN,0xa80eb66b3e0cf66ccb46f8b8c9e7ff5803eeb820,1788238800,1788480000,0.0013207316051165794,0.004258597250910203,3.22,67,1301,101984,99233
TYGR,0x69984ad3322300039f2855f81c44dbc532efe744,1787400000,1787648400,0.0003230286720829902,0.0010385204833522521,3.21,69,787,96395,52637
INJOH,0x2cc0fac44b8252f6b10208b091aff2c94b4da77d,1789981200,1790546400,0.0010473173170039787,0.0033258938146034276,3.18,157,1257,43625,113909
AXON,0xb5e40b5f16996e9d76ec2b16e7a4ead3c06a9fa2,1790053200,1790229600,4.877305817260193e-05,0.00015443938930602113,3.17,49,35,188866,83187
TUX,0x4e9d3bfbcb90da72808afd5b8566c228ec861e18,1788390000,1788429600,0.00013003774109410078,0.00041075645226928097,3.16,11,165,457720,286172
ROO,0x3458e003f6ed93df0f537b8acac6fbe08e41247f,1790308800,1790380800,0.00024879588621810346,0.000777393984544571,3.12,20,48,1052697,1451004
WOJAK,0xace55fe98bab14366dd49ab5aa5df76aa11a3c6f,1784376000,1784444400,0.00011343142235292384,0.00035201708247320853,3.1,19,698,55925,171680
TAMPONS,0xc9e7c34fa156a235e8b8601171a543bc9c84a1b9,1784851200,1784890800,0.00010957427111561641,0.0003383524476058799,3.09,11,219,401105,657048
HOOKR,0x18e674231a58c239dc7daedcffe15ec3a24cff5c,1789538400,1789768800,0.005977045112311395,0.018393818375699745,3.08,64,986,1689678,1642273
SCHIFFY,0x42afa2124ca5a2b83898e46b2da9a190995b1e18,1788026400,1788033600,0.0001335513863197379,0.0004114441571828513,3.08,2,0,0,2033336
GIWA,0xdab0e8ce3b999d16898709a6dfc44c953bfc43b1,1786593600,1786701600,0.00022771456109611505,0.0006986456851165265,3.07,30,404,90658,95173
GIWA,0xdab0e8ce3b999d16898709a6dfc44c953bfc43b1,1787234400,1787626800,0.00021721825043865048,0.000666733800252969,3.07,109,582,31058,38177
NASDANQ,0x51fb76be80ab6daaa345d818f4e06441816b4fea,1790251200,1790611200,0.0007924245449053532,0.002416138757155458,3.05,100,1236,59406,37271
CEREBRO,0xeb24a2663af4ee979dcbfe39cb95b5f12d369c4b,1789398000,1789560000,0.001418653273659553,0.004331828275173667,3.05,45,120,487021,763320
TUX,0x4e9d3bfbcb90da72808afd5b8566c228ec861e18,1788872400,1789210800,0.0001293486531127245,0.00039372578908353917,3.04,94,299,68154,25433
PORK,0x675e25a39568713144905a946f8d9f74d3a7aa79,1787108400,1787184000,1.2920629993275944e-05,3.924547837109782e-05,3.04,21,99,10636,63532
worth,0xfb1bcb6817f7b8fa86896d3253b16aeb7bd6a5a8,1784246400,1784480400,0.0005625100146646606,0.0017025560003632886,3.03,65,151,841593,805662
ROO,0x3458e003f6ed93df0f537b8acac6fbe08e41247f,1790136000,1790139600,2.149629466851773e-05,6.519325519036169e-05,3.03,1,0,0,602315
MOONCOW,0x77936b133ea2007e9b57620011eb62bf72050826,1787331600,1787814000,3.608372761453291e-05,0.0001088993222679339,3.02,134,63,7871,19279
HOODRAT,0x8e62f281f282686fca6dcb39288069a93fc23f1c,1788955200,1789095600,0.001228780078352184,0.003656476371390414,2.98,39,1650,154686,188090
HOOKR,0x18e674231a58c239dc7daedcffe15ec3a24cff5c,1786399200,1786582800,0.00042119665774980426,0.0012537477293506373,2.98,51,114,591656,955439
HMM,0x7fe995a80075df3dc8ae11a9b82c7fe4202cd87f,1787054400,1787734800,0.009673647236988367,0.028546850789420004,2.95,189,725,1546762,1442678
INJOH,0x2cc0fac44b8252f6b10208b091aff2c94b4da77d,1788379200,1788627600,0.002535681637275258,0.007408930992781825,2.92,69,812,1170458,1278220
TYGR,0x69984ad3322300039f2855f81c44dbc532efe744,1784779200,1784797200,1.0828018265926544e-05,3.1401958684151114e-05,2.9,5,59,26330,1184480
FLOPS,0x9dad613c96bd6e9d0f4fd840d53557dc5ede1e18,1788717600,1789232400,6.187317483449352e-05,0.00017869198486813691,2.89,143,231,20483,37881
BAG,0x616bcd920e1e1f354750bbaf2fb3b3fa3b4aae16,1787036400,1787158800,0.00013217013842867377,0.0003790009414139571,2.87,34,218,237985,149986
KITSU,0x8d4dfaaa4198b6486e0293fec914c2b6a821d4dc,1784131200,1784566800,0.00108052124367729,0.003095282059495865,2.86,121,745,1206606,603717
worth,0xfb1bcb6817f7b8fa86896d3253b16aeb7bd6a5a8,1785618000,1785816000,0.00024272839393418318,0.0006953583616504645,2.86,55,532,87538,195525
GIWA,0xdab0e8ce3b999d16898709a6dfc44c953bfc43b1,1786399200,1786489200,0.0002024967084454404,0.0005693775805233392,2.81,25,350,627160,247579
MANCER,0xc72f232a6869e6cf34dc06129affd07f8a2a246a,1786968000,1786989600,0.0009369012441765341,0.0026128769664685372,2.79,6,252,371079,588944
NASDANQ,0x51fb76be80ab6daaa345d818f4e06441816b4fea,1788595200,1788814800,0.0010388946660348979,0.0028765854259753076,2.77,61,776,498130,555834
wire,0x8ecea3d0e648db646d824aa51eedeb16ac3d6878,1785661200,1785808800,0.00032720321173546833,0.0009048265109367127,2.77,41,374,145811,151334
HMM,0x7fe995a80075df3dc8ae11a9b82c7fe4202cd87f,1787976000,1788120000,0.014114792683327227,0.03890964501565192,2.76,40,981,1870645,4305996
KITSU,0x8d4dfaaa4198b6486e0293fec914c2b6a821d4dc,1785340800,1785974400,0.001107669128998428,0.003056392694922016,2.76,176,1081,114203,142252
WALLET,0x0339f5459fc690ac85f1782e15782a151b4a9e1b,1785366000,1786165200,0.003245776759141917,0.008910041655546045,2.75,222,478,339113,540700
TAMPONS,0xc9e7c34fa156a235e8b8601171a543bc9c84a1b9,1784127600,1784138400,2.6258261626104768e-05,7.208472203225345e-05,2.75,3,18,433372,133336
CEREBRO,0xeb24a2663af4ee979dcbfe39cb95b5f12d369c4b,1789653600,1789732800,0.0019456590767328648,0.005330840008889706,2.74,22,191,819497,1335447
TAMPONS,0xc9e7c34fa156a235e8b8601171a543bc9c84a1b9,1784674800,1784678400,0.00016502780820259569,0.00045232255055924057,2.74,1,170,1027049,596266
worth,0xfb1bcb6817f7b8fa86896d3253b16aeb7bd6a5a8,1789624800,1789668000,0.0008604996799442262,0.00235321072156145,2.73,12,1645,78620,331033
BAG,0x616bcd920e1e1f354750bbaf2fb3b3fa3b4aae16,1788130800,1788170400,5.8498870656638285e-05,0.00015926500055054283,2.72,11,522,28027,113476
KITSU,0x8d4dfaaa4198b6486e0293fec914c2b6a821d4dc,1787263200,1787846400,0.0014175748469990681,0.003857063800974318,2.72,162,1615,155305,153307
POOLS,0x385b36ff682ab4c76e7c37a66b96aabc466471d5,1789351200,1789473600,0.0010957874641037732,0.0029772691719031027,2.72,34,1090,238064,283474
TA,0x9ca1cc0c90d97b4f36c5e2232d4fbd705a73c65d,1789344000,1789772400,0.000708775279975977,0.0019081738134694131,2.69,119,939,47039,54235
wire,0x8ecea3d0e648db646d824aa51eedeb16ac3d6878,1787936400,1788224400,0.0011552777300072523,0.003097682423322089,2.68,80,1006,596796,556232
KITSU,0x8d4dfaaa4198b6486e0293fec914c2b6a821d4dc,1783724400,1783900800,0.002191622312934563,0.005789937916727448,2.64,49,632,2486887,2740186
HOODRAT,0x8e62f281f282686fca6dcb39288069a93fc23f1c,1784253600,1784404800,0.002462834918767533,0.0063766217795405665,2.59,42,344,2922228,1891827
worth,0xfb1bcb6817f7b8fa86896d3253b16aeb7bd6a5a8,1788195600,1788264000,0.0015337199795395834,0.00394732074991838,2.57,19,1248,392126,749593
TUX,0x4e9d3bfbcb90da72808afd5b8566c228ec861e18,1788494400,1788760800,0.000135845415702688,0.0003468418352996645,2.55,74,194,287628,143160
TYGR,0x69984ad3322300039f2855f81c44dbc532efe744,1785967200,1786168800,0.00048492891224522134,0.0012383728459658553,2.55,56,389,470196,381860
TAMPONS,0xc9e7c34fa156a235e8b8601171a543bc9c84a1b9,1784905200,1784926800,0.00015074962753290082,0.00038443349175967486,2.55,6,234,679347,437612
TAMPONS,0xc9e7c34fa156a235e8b8601171a543bc9c84a1b9,1787950800,1788148800,8.359967423829345e-05,0.00021306606434069516,2.55,55,1080,56911,111635
KITSU,0x8d4dfaaa4198b6486e0293fec914c2b6a821d4dc,1781812800,1781834400,8.317926356348415e-05,0.00021129246639439887,2.54,6,101,33027,21214
KITSU,0x8d4dfaaa4198b6486e0293fec914c2b6a821d4dc,1784790000,1785078000,0.0011124311137699974,0.002818703267202208,2.53,80,928,402666,492040
ERHA,0x997dfb8b8fe82d2ae314e09ba428eb93230f27e4,1790028000,1790056800,1.518504994806468e-05,3.842934648928477e-05,2.53,8,15,138777,44071
Froggy,0xd554e75f85cb1fcb5b6640b55779d566ac60de9f,1787572800,1789041600,1.1816009252756012e-05,2.981152398527282e-05,2.52,408,449,6,602
FRIDAY,0xd3165c9d0993330c1132c59fc6513b08639211c5,1784761200,1784786400,6.72355921531808e-05,0.00016820387676943265,2.5,7,96,132034,139138
ASKR,0xa92768863a55d8a0591709f7f5e594a249d36ea3,1790265600,1790330400,0.00222661952472065,0.005562616373661896,2.5,18,142,391114,1360519
TYGR,0x69984ad3322300039f2855f81c44dbc532efe744,1787954400,1788246000,0.0004767506212802233,0.0011631974363110124,2.44,81,941,176408,163275
ROO,0x3458e003f6ed93df0f537b8acac6fbe08e41247f,1790460000,1790532000,0.00020317184923939415,0.00048490172996836335,2.39,20,90,1742091,1463455
JUGGERNAUT,0xd7321801caae694090694ff55a9323139f043b88,1786219200,1786554000,0.002818883030026727,0.0067038287584881215,2.38,93,1172,757230,749164
CPU,0x8eaa17be69ae9616cede4671e6d837bb89491e18,1789945200,1790082000,0.0008195030741150621,0.0019517488303668158,2.38,38,240,659382,962544
POOLS,0x385b36ff682ab4c76e7c37a66b96aabc466471d5,1788595200,1788699600,0.0012212394394815608,0.002900120396019357,2.37,29,880,655343,665475
YOLO,0x62c71cd34a52c30d894419cbcc55db2afa8032ea,1785286800,1785438000,0.00277998943762263,0.0065716861687551064,2.36,42,330,973938,1015688
Froggy,0xd554e75f85cb1fcb5b6640b55779d566ac60de9f,1786028400,1786104000,4.3464152938761565e-05,0.00010277674573560972,2.36,21,20,963304,200537
TAMPONS,0xc9e7c34fa156a235e8b8601171a543bc9c84a1b9,1785578400,1785715200,5.3443491247479174e-05,0.00012454013275915978,2.33,38,421,21819,12955
JUGGERNAUT,0xd7321801caae694090694ff55a9323139f043b88,1784826000,1784970000,0.001522458237052988,0.0035258738540677272,2.32,40,785,1090598,1620527
YOLO,0x62c71cd34a52c30d894419cbcc55db2afa8032ea,1784786400,1785063600,0.003335191836527949,0.007573689790112957,2.27,77,191,2069730,1659814
POOLS,0x385b36ff682ab4c76e7c37a66b96aabc466471d5,1785441600,1785448800,5.823007178351667e-05,0.0001323988904380662,2.27,2,4,1329880,459754
TYGR,0x69984ad3322300039f2855f81c44dbc532efe744,1784678400,1784707200,1.4062032444191494e-05,3.1620945546728614e-05,2.25,8,31,72353,30363
NASDANQ,0x51fb76be80ab6daaa345d818f4e06441816b4fea,1789567200,1789959600,0.0007965549096680326,0.0017902454051431094,2.25,109,1046,86130,55000
FRIDAY,0xd3165c9d0993330c1132c59fc6513b08639211c5,1784685600,1784700000,6.222432125294869e-05,0.00013995731772272645,2.25,4,75,288961,109844
GIWA,0xdab0e8ce3b999d16898709a6dfc44c953bfc43b1,1788670800,1789074000,0.0003087422970167944,0.0006928383200031676,2.24,112,981,55688,106089
JUGGERNAUT,0xd7321801caae694090694ff55a9323139f043b88,1784376000,1784523600,0.0037653540094049857,0.008399286306831337,2.23,41,660,3423854,1941731
WOJAK,0xace55fe98bab14366dd49ab5aa5df76aa11a3c6f,1783976400,1784019600,0.00011382495561293804,0.00025342801298618357,2.23,12,587,106552,205948
worth,0xfb1bcb6817f7b8fa86896d3253b16aeb7bd6a5a8,1786215600,1786222800,0.00027854368282846225,0.0006116660027048927,2.2,2,698,23809,147928
YOLO,0x62c71cd34a52c30d894419cbcc55db2afa8032ea,1785574800,1785841200,0.002821003537417056,0.006149827299081114,2.18,74,410,820678,683874
HOODRAT,0x8e62f281f282686fca6dcb39288069a93fc23f1c,1787061600,1787835600,0.0028052344695025204,0.006116196699923156,2.18,215,1124,264363,432660
TYGR,0x69984ad3322300039f2855f81c44dbc532efe744,1789592400,1790190000,0.00015006575204101823,0.0003260460789554125,2.17,166,1396,21044,12258
CEREBRO,0xeb24a2663af4ee979dcbfe39cb95b5f12d369c4b,1789876800,1789984800,0.0021334502062661394,0.00462155059495693,2.17,30,253,692295,389916
POOH,0x7453223543bbcb27cc024ad4728068a7ce7852f7,1785016800,1785067200,0.0003864172940229208,0.0008366199433913056,2.17,14,237,1201816,625534
MANCER,0xc72f232a6869e6cf34dc06129affd07f8a2a246a,1787140800,1787187600,0.0008215205964078233,0.001774308693284092,2.16,13,300,275300,340783
PEPE,0xcdcabf520be369123c36796f9e53680c657f08f0,1787986800,1788094800,0.00012587069716658454,0.0002701227282036661,2.15,30,304,83519,73483
ORBIO,0xaa07a0e9209e16ac99708c3ec70159c6ef3128a3,1789041600,1789135200,0.01632371623532339,0.034769311446417484,2.13,26,228,3946016,2675991
KITSU,0x8d4dfaaa4198b6486e0293fec914c2b6a821d4dc,1788991200,1789246800,0.0009762503598555361,0.00205607201867545,2.11,71,2095,55644,393819
KITSU,0x8d4dfaaa4198b6486e0293fec914c2b6a821d4dc,1782950400,1782975600,0.00028448016954615195,0.0005960032224219925,2.1,7,417,609738,198945
NASDANQ,0x51fb76be80ab6daaa345d818f4e06441816b4fea,1786305600,1786611600,0.0008660741891121675,0.0018101320260569677,2.09,85,140,528121,561223
JUGGERNAUT,0xd7321801caae694090694ff55a9323139f043b88,1783882800,1783926000,0.011588136094320096,0.02406752466372303,2.08,12,523,8258479,9118605
TA,0x9ca1cc0c90d97b4f36c5e2232d4fbd705a73c65d,1788292800,1788382800,0.0020311178870907258,0.004233129253964379,2.08,25,647,332651,558175
SCHIFFY,0x42afa2124ca5a2b83898e46b2da9a190995b1e18,1788541200,1788638400,0.0008805561918625674,0.0018313300347199825,2.08,27,143,628679,276496
MOONCOW,0x77936b133ea2007e9b57620011eb62bf72050826,1787932800,1788051600,4.767634774925046e-05,9.882416659213614e-05,2.07,33,230,14361,51762
MANCER,0xc72f232a6869e6cf34dc06129affd07f8a2a246a,1786856400,1786878000,0.0014738050019261594,0.0030442322743793747,2.07,6,221,347054,399627
KITSU,0x8d4dfaaa4198b6486e0293fec914c2b6a821d4dc,1786406400,1786788000,0.0014885515402499757,0.003071201536417507,2.06,106,1377,133276,152348
HOODRAT,0x8e62f281f282686fca6dcb39288069a93fc23f1c,1783072800,1783094400,0.0004378800630966245,0.0009000316596675961,2.06,6,16,1421555,549049
FRIDAY,0xd3165c9d0993330c1132c59fc6513b08639211c5,1785996000,1786975200,2.0826898904937587e-05,4.241625225670141e-05,2.04,272,439,3909,3467
worth,0xfb1bcb6817f7b8fa86896d3253b16aeb7bd6a5a8,1788613200,1788739200,0.0010740661743271793,0.0021960554353028256,2.04,35,1364,289781,111040
WEN,0xa80eb66b3e0cf66ccb46f8b8c9e7ff5803eeb820,1785765600,1786021200,0.003873101364625431,0.00784758102764031,2.03,71,614,708793,810800
TAMPONS,0xc9e7c34fa156a235e8b8601171a543bc9c84a1b9,1784473200,1784484000,2.1218615027089064e-05,4.281289802515989e-05,2.02,3,114,80388,45204
ZZZ,0x7dbf38976f6d3b9c529e7d9484a71898b409ee6a,1789876800,1789988400,0.01754988102176088,0.03548663775544536,2.02,31,365,1083324,1361634
ASKR,0xa92768863a55d8a0591709f7f5e594a249d36ea3,1789959600,1790038800,0.0030171461146260665,0.006038478432562472,2.0,22,57,972853,1411827
