timestamp_utc,price_usd,market_cap,liquidity_usd,volume_h24
2026-09-28T14:12:00Z,0.03895,36820275,3043762.45,2607092.54
2026-09-28T14:21:17Z,0.03658,34581452,2909868.15,2639749.25
2026-09-28T15:10:15Z,0.03588,33921696,2867974.22,2658737.38
2026-09-28T15:17:51Z,0.03507,33154658,2820143.19,2667461.77
2026-09-28T23:35:40Z,0.04827,45628374,3559697.32,2108722.82
2026-09-28T23:54:07Z,0.05047,47704150,3678018.06,2055194.95
2026-09-29T02:19:40Z,0.04136,39096695,3188902.80,1741469.65
2026-09-29T02:57:51Z,0.04220,39891840,3233393.38,1725242.24
2026-09-29T03:24:54Z,0.04099,38751195,3168402.86,1691073.38
2026-09-29T04:38:00Z,0.03845,36350162,3031850.39,1585818.51
2026-09-29T04:44:00Z,0.03759,35539096,2983195.31,1578545.32
2026-09-29T05:15:00Z,0.03699,34967240,2945624.16,1597567.11
2026-09-29T05:35:00Z,0.03842,36316627,3033602.14,1619864.69
2026-09-29T06:05:00Z,0.03704,35010747,2957235.28,1648723.47
2026-09-29T10:40:00Z,0.03667,34665049,2962714.12,1520835.89
2026-09-29T10:50:00Z,0.03708,35051676,2985794.51,1549058.59
2026-09-29T11:10:00Z,0.03778,35717345,3027378.30,1547186.31
2026-09-29T12:20:00Z,0.03848,36372434,3071920.38,1511096.73
2026-09-29T12:55:00Z,0.04086,38627415,3207856.32,1553432.70
2026-09-29T13:23:00Z,0.04095,38705504,3207424.35,1558888.74
2026-09-29T13:42:00Z,0.03862,36512375,3070930.70,1576113.80
2026-09-29T14:41:00Z,0.03552,33578971,2891442.41,1523376.28
2026-09-29T15:25:00Z,0.03574,33781122,2896618.07,1532587.82
2026-09-29T15:39:00Z,0.03528,33355330,2867365.43,1533499.92
2026-09-29T15:51:00Z,0.03451,32624975,2823463.21,1546409.79
2026-09-29T16:02:00Z,0.03409,32228300,2795513.64,1548896.94
2026-09-29T16:05:00Z,0.03468,32781222,2829390.82,1558804.65
2026-09-29T16:44:00Z,0.03505,33136752,2854678.95,1467963.15
2026-09-29T22:37:00Z,0.03705,35023980,2972863.09,1962531.62
2026-09-29T23:02:00Z,0.03569,33738880,2896982.88,1972672.36
2026-09-29T23:05:00Z,0.03316,31350910,2751818.46,2001820.59
2026-09-29T23:14:00Z,0.02799,26457940,2448878.63,2212899.43
2026-09-29T23:17:00Z,0.02909,27500254,2515654.02,2256494.98
2026-09-29T23:25:00Z,0.02877,27195498,2495327.86,2259409.39
2026-09-29T23:29:00Z,0.02833,26779931,2470916.9,2279719.41
2026-09-29T23:32:00Z,0.02799,26461240,2451010.83,2321471.72
2026-09-29T23:36:00Z,0.02570,24296291,2310881.21,2375774.96
2026-09-29T23:40:00Z,0.01455,13754208,1593931.45,2672852.51
2026-09-29T23:42:00Z,0.01797,16990524,1821463.89,2780409.14
2026-09-29T23:45:00Z,0.01710,16171623,1766528.11,2991418.51
2026-09-29T23:50:00Z,0.01876,17739564,1878653.72,3233823.66
2026-09-30T00:07:00Z,0.02119,20030786,2039089.49,3365284.05
2026-09-30T00:23:00Z,0.02274,21497830,2139147.35,3472283.17
2026-09-30T01:25:00Z,0.02524,23858301,2300264.32,3668859.65
2026-09-30T02:44:00Z,0.02583,24415820,2335963.6,3697818.34
2026-09-30T03:49:00Z,0.02632,24883275,2366138.24,3685208.46
2026-09-30T04:56:00Z,0.02667,25211452,2387373.55,3602985.62
2026-09-30T05:40:00Z,0.02809,26557211,2475625.07,3551921.47
2026-09-30T10:09:00Z,0.02744,25939435,2386691.06,3541154.88
2026-09-30T10:17:00Z,0.02690,25430957,2355330.83,3557676.38
2026-09-30T11:00:00Z,0.02370,22409914,2164856.01,3569017.64
2026-09-30T11:06:00Z,0.02322,21951604,2133540.86,3576889.21
2026-09-30T11:44:00Z,0.02297,21716955,2119288.08,3610280.91
2026-09-30T11:52:00Z,0.02205,20845088,2062166.31,3609452.92
2026-09-30T12:58:00Z,0.02633,24893145,2335091.3,3628006.46
2026-09-30T13:27:00Z,0.02520,23820000,2334680.03,3612394.84
2026-09-30T13:53:00Z,0.02760,26089762,2403269.73,3635090.67
2026-09-30T14:12:00Z,0.03640,34407193,2912332.75,3839579.06
2026-09-30T15:07:00Z,0.03665,34642935,2920735.69,3995033.53
